"Tokyo, Japan"
"Delhi, India"
"Shanghai, China"
"Sao Paulo, Brazil"
"Mexico City, Mexico"
"Dhaka, Bangladesh"
"Cairo, Egypt"
"Beijing, China"
"Mumbai, India"
"Osaka, Japan"
"Karachi, Pakistan"
"Chongqing, China"
"Istanbul, Turkey"
"Buenos Aires, Argentina"
"Kolkata, India"
"Kinshasa, DR Congo"
"Lagos, Nigeria"
"Manila, Philippines"
"Tianjin, China"
"Guangzhou, China"
"Rio de Janeiro, Brazil"
"Lahore, Pakistan"
"Bangalore, India"
"Moscow, Russia"
"Shenzhen, China"
"Chennai, India"
"Bogota, Colombia"
"Paris, France"
"Jakarta, Indonesia"
"Lima, Peru"
"Bangkok, Thailand"
"Hyderabad, India"
"Seoul, South Korea"
"Nagoya, Japan"
"London, United Kingdom"
"Chengdu, China"
"Tehran, Iran"
"Nanjing, China"
"Ho Chi Minh City, Vietnam"
"Luanda, Angola"
"Wuhan, China"
"Xi-an Shaanxi, China"
"Ahmedabad, India"
"New York City, United States"
"Kuala Lumpur, Malaysia"
"Hangzhou, China"
"Hong Kong, Hong Kong"
"Surat, India"
"Dongguan, China"
"Suzhou, China"
"Foshan, China"
"Riyadh, Saudi Arabia"
"Shenyang, China"
"Baghdad, Iraq"
"Dar es Salaam, Tanzania"
"Santiago, Chile"
"Pune, India"
"Madrid, Spain"
"Haerbin, China"
"Toronto, Canada"
"Belo Horizonte, Brazil"
"Singapore, Singapore"
"Khartoum, Sudan"
"Johannesburg, South Africa"
"Dalian, China"
"Qingdao, China"
"Barcelona, Spain"
"Fukuoka, Japan"
"Ji-nan Shandong, China"
"Zhengzhou, China"
"Saint Petersburg, Russia"
"Yangon, Myanmar"
"Alexandria, Egypt"
"Abidjan, Ivory Coast"
"Guadalajara, Mexico"
"Ankara, Turkey"
"Chittagong, Bangladesh"
"Melbourne, Australia"
"Addis Ababa, Ethiopia"
"Sydney, Australia"
"Monterrey, Mexico"
"Nairobi, Kenya"
"Hanoi, Vietnam"
"Brasilia, Brazil"
"Cape Town, South Africa"
"Jiddah, Saudi Arabia"
"Changsha, China"
"Kunming, China"
"Urumqi, China"
"Changchun, China"
"Xinbei, Taiwan"
"Shantou, China"
"Hefei, China"
"Kabul, Afghanistan"
"Rome, Italy"
"Ningbo, China"
"Tel Aviv, Israel"
"Montreal, Canada"
"Shijiazhuang, China"
"Recife, Brazil"
"Yaounde, Cameroon"
"Porto Alegre, Brazil"
"Fortaleza, Brazil"
"Kano, Nigeria"
"Medellin, Colombia"
"Jaipur, India"
"Los Angeles, United States"
"Taiyuan Shanxi, China"
"Nanning, China"
"Ekurhuleni, South Africa"
"Salvador, Brazil"
"Casablanca, Morocco"
"Douala, Cameroon"
"Xiamen, China"
"Lucknow, India"
"Fuzhou Fujian, China"
"Changzhou, China"
"Kozhikode, India"
"Curitiba, Brazil"
"Wenzhou, China"
"Nanchang, China"
"Ibadan, Nigeria"
"Malappuram, India"
"Berlin, Germany"
"Tangshan Hebei, China"
"Faisalabad, Pakistan"
"Antananarivo, Madagascar"
"Bekasi, Indonesia"
"Kumasi, Ghana"
"Kampala, Uganda"
"Busan, South Korea"
"Abuja, Nigeria"
"Guiyang, China"
"Asuncion, Paraguay"
"Santo Domingo, Dominican Republic"
"Campinas, Brazil"
"Wuxi, China"
"Mashhad, Iran"
"Puebla, Mexico"
"Dakar, Senegal"
"Thrissur, India"
"Kochi, India"
"Kuwait City, Kuwait"
"Durban, South Africa"
"Port Harcourt, Nigeria"
"Lanzhou, China"
"Kanpur, India"
"Athens, Greece"
"Milan, Italy"
"Indore, India"
"Pyongyang, North Korea"
"Sanaa, Yemen"
"Guayaquil, Ecuador"
"Izmir, Turkey"
"Kiev, Ukraine"
"Guatemala City, Guatemala"
"Surabaya, Indonesia"
"Lisbon, Portugal"
"Caracas, Venezuela"
"Zhongshan, China"
"Nagpur, India"
"Shizuoka, Japan"
"Dubai, United Arab Emirates"
"Ouagadougou, Burkina Faso"
"Lusaka, Zambia"
"Coimbatore, India"
"Port-au-Prince, Haiti"
"Depok, Indonesia"
"Handan, China"
"Incheon, South Korea"
"Cali, Colombia"
"Algiers, Algeria"
"Huaian, China"
"Manchester, United Kingdom"
"Goiania, Brazil"
"Weifang, China"
"Taibei, Taiwan"
"Bamako, Mali"
"Thiruvananthapuram, India"
"Zibo, China"
"Chicago, United States"
"Sapporo, Japan"
"Pretoria, South Africa"
"Mbuji-Mayi, DR Congo"
"Shaoxing, China"
"Birmingham, United Kingdom"
"Yantai, China"
"Bandung, Indonesia"
"Vancouver, Canada"
"Huizhou, China"
"Lubumbashi, DR Congo"
"Accra, Ghana"
"Tashkent, Uzbekistan"
"Toluca de Lerdo, Mexico"
"Patna, India"
"Brazzaville, Republic of the Congo"
"Luoyang, China"
"Bhopal, India"
"San Juan, Puerto Rico"
"Damascus, Syria"
"Brisbane, Australia"
"Beirut, Lebanon"
"Tunis, Tunisia"
"Tangerang, Indonesia"
"Mogadishu, Somalia"
"Baku, Azerbaijan"
"Medan, Indonesia"
"Belem, Brazil"
"Nantong, China"
"Sendai, Japan"
"Houston, United States"
"Manaus, Brazil"
"Barranquilla, Colombia"
"Maracaibo, Venezuela"
"Gujranwala, Pakistan"
"Rawalpindi, Pakistan"
"Peshawar, Pakistan"
"Taoyuan, Taiwan"
"Agra, India"
"Hohhot, China"
"Baotou, China"
"Vadodara, India"
"Kannur, India"
"Liuzhou, China"
"Visakhapatnam, India"
"Xuzhou, China"
"Daegu, South Korea"
"Naples, Italy"
"Amman, Jordan"
"Tijuana, Mexico"
"Esfahan, Iran"
"Phnom Penh, Cambodia"
"Havana, Cuba"
"Nashik, India"
"Grande Vitoria, Brazil"
"Vijayawada, India"
"Brussels, Belgium"
"Mecca, Saudi Arabia"
"Hiroshima, Japan"
"Perth, Australia"
"Multan, Pakistan"
"Yangzhou, China"
"Minsk, Belarus"
"Bursa, Turkey"
"Baoding, China"
"Aleppo, Syria"
"Putian, China"
"Taizhou Zhejiang, China"
"Conakry, Guinea"
"Linyi Shandong, China"
"Wuhu Anhui, China"
"Vienna, Austria"
"Kollam, India"
"Valencia, Venezuela"
"Rajkot, India"
"Haikou, China"
"Almaty, Kazakhstan"
"Baixada Santista, Brazil"
"Yancheng Jiangsu, China"
"Daqing, China"
"Rabat, Morocco"
"West Yorkshire, United Kingdom"
"Semarang, Indonesia"
"Quito, Ecuador"
"Panama City, Panama"
"Hyderabad, Pakistan"
"Ludhiana, India"
"La Paz, Bolivia"
"Lianyungang, China"
"Lome, Togo"
"Davao City, Philippines"
"Leon de los Aldamas, Mexico"
"Zhuhai, China"
"Turin, Italy"
"Bucharest, Romania"
"Adana, Turkey"
"Warsaw, Poland"
"Hamburg, Germany"
"Datong, China"
"Benin City, Nigeria"
"Budapest, Hungary"
"Madurai, India"
"Montevideo, Uruguay"
"Quanzhou, China"
"Palembang, Indonesia"
"Santa Cruz, Bolivia"
"Matola, Mozambique"
"Gaziantep, Turkey"
"Sharjah, United Arab Emirates"
"Phoenix, United States"
"Lyon, France"
"Meerut, India"
"Jiangmen, China"
"Can Tho, Vietnam"
"Raipur, India"
"Varanasi, India"
"Xiangyang, China"
"Mosul, Iraq"
"Glasgow, United Kingdom"
"Novosibirsk, Russia"
"Shiraz, Iran"
"La Laguna, Mexico"
"Cixi, China"
"Stockholm, Sweden"
"Anshan, China"
"Auckland, New Zealand"
"Jamshedpur, India"
"Tabriz, Iran"
"Yinchuan, China"
"Jilin, China"
"Srinagar, India"
"Batam, Indonesia"
"Ulaanbaatar, Mongolia"
"Marseille, France"
"Makassar, Indonesia"
"Yichang, China"
"Aurangabad, India"
"Muscat, Oman"
"Qinhuangdao, China"
"Philadelphia, United States"
"Cordoba, Argentina"
"Qiqihaer, China"
"Xining, China"
"Karaj, Iran"
"San Antonio, United States"
"Calgary, Canada"
"Hengyang, China"
"Daejon, South Korea"
"Monrovia, Liberia"
"Tiruppur, India"
"Rosario, Argentina"
"Munich, Germany"
"Gaoxiong, Taiwan"
"Harare, Zimbabwe"
"Ciudad Juarez, Mexico"
"Anyang, China"
"Kananga, DR Congo"
"Gwangju, South Korea"
"Suqian, China"
"Jining Shandong, China"
"Medina, Saudi Arabia"
"Yekaterinburg, Russia"
"Abu Dhabi, United Arab Emirates"
"Jodhpur, India"
"Grande Sao Luis, Brazil"
"Edmonton, Canada"
"Natal, Brazil"
"Tegucigalpa, Honduras"
"Onitsha, Nigeria"
"N-Djamena, Chad"
"Ranchi, India"
"Kathmandu, Nepal"
"Jabalpur, India"
"Mandalay, Myanmar"
"Zhangjiakou, China"
"Huainan, China"
"Asansol, India"
"Chaozhou, China"
"Kota, India"
"San Diego, United States"
"Kharkiv, Ukraine"
"San Jose, Costa Rica"
"Chon Buri, Thailand"
"Allahabad, India"
"Gwalior, India"
"Ottawa, Canada"
"Zurich, Switzerland"
"Belgrade, Serbia"
"Amritsar, India"
"Joao Pessoa, Brazil"
"Yiwu, China"
"Basra, Iraq"
"Taizhou Jiangsu, China"
"Nouakchott, Mauritania"
"Queretaro, Mexico"
"Taian Shandong, China"
"Homs, Syria"
"Copenhagen, Denmark"
"Konya, Turkey"
"Bucaramanga, Colombia"
"Dhanbad, India"
"Weihai, China"
"Dallas, United States"
"Ganzhou, China"
"Adelaide, Australia"
"Hai Phong, Vietnam"
"Mombasa, Kenya"
"Taizhong, Taiwan"
"Maceio, Brazil"
"Cochabamba, Bolivia"
"Niamey, Niger"
"Suwon, South Korea"
"Samut Prakan, Thailand"
"Joinville, Brazil"
"Jiaxing, China"
"Kaifeng, China"
"Helsinki, Finland"
"Porto, Portugal"
"Zhanjiang, China"
"Zunyi, China"
"Rizhao, China"
"Kisangani, DR Congo"
"Prague, Czech Republic"
"Dongying, China"
"Qom, Iran"
"Mianyang Sichuan, China"
"Nanchong, China"
"Fushun Liaoning, China"
"Antalya, Turkey"
"Bareilly, India"
"Sofia, Bulgaria"
"Shiyan, China"
"Kazan, Russia"
"Ad-Dammam, Saudi Arabia"
"Port Elizabeth, South Africa"
"Ahvaz, Iran"
"Liuan, China"
"Florianopolis, Brazil"
"Nizhniy Novgorod, Russia"
"Pointe-Noire, Republic of the Congo"
"Yingkou, China"
"Fes, Morocco"
"Aligarh, India"
"Liuyang, China"
"Dublin, Ireland"
"Maoming, China"
"Tanger, Morocco"
"Pekan Baru, Indonesia"
"Tengzhou, China"
"Freetown, Sierra Leone"
"San Luis Potosi, Mexico"
"Mysore, India"
"Chelyabinsk, Russia"
"Moradabad, India"
"Barquisimeto, Venezuela"
"Durg-Bhilai, India"
"Suzhou, China"
"Maracay, Venezuela"
"Astana, Kazakhstan"
"Zhuzhou, China"
"Ruian, China"
"Uyo, Nigeria"
"Zhenjiang Jiangsu, China"
"Baoji, China"
"Jieyang, China"
"Chifeng, China"
"Bhubaneswar, India"
"Pingdingshan Henan, China"
"Puning, China"
"Mendoza, Argentina"
"Bogor, Indonesia"
"Chiang Mai, Thailand"
"Mwanza, Tanzania"
"Tiruchirappalli, India"
"Omsk, Russia"
"Merida, Mexico"
"Benxi, China"
"Huaibei, China"
"Lilongwe, Malawi"
"Nanyang Henan, China"
"Jinhua, China"
"Xiangtan Hunan, China"
"Kigali, Rwanda"
"Tripoli, Libya"
"Chandigarh, India"
"Jinzhou, China"
"Islamabad, Pakistan"
"Samara, Russia"
"Amsterdam, Netherlands"
"Da Nang, Vietnam"
"Haifa, Israel"
"Guilin, China"
"Krasnoyarsk, Russia"
"Mexicali, Mexico"
"Ufa, Russia"
"Rostov-on-Don, Russia"
"Hubli-Dharwad, India"
"Guwahati, India"
"Kaduna, Nigeria"
"Bukavu, DR Congo"
"Liupanshui, China"
"Quetta, Pakistan"
"Cologne, Germany"
"Aguascalientes, Mexico"
"Binzhou, China"
"Salem, India"
"Abomey-Calavi, Benin"
"Maputo, Mozambique"
"Bandar Lampung, Indonesia"
"Aba, Nigeria"
"Pizhou, China"
"Nnewi, Nigeria"
"Tasikmalaya, Indonesia"
"San Salvador, El Salvador"
"Yongin, South Korea"
"Zaozhuang, China"
"Xinxiang, China"
"Yueqing, China"
"Luohe, China"
"Saharanpur, India"
"Shimkent, Kazakhstan"
"Cuernavaca, Mexico"
"Yerevan, Armenia"
"Goyang, South Korea"
"Tbilisi, Georgia"
"Chihuahua, Mexico"
"Panjin, China"
"Perm, Russia"
"Bujumbura, Burundi"
"Jalandhar, India"
"Managua, Nicaragua"
"Voronezh, Russia"
"Cartagena, Colombia"
"Wenling, China"
"Lille, France"
"Fuyang, China"
"Bishkek, Kyrgyzstan"
"Diyarbakir, Turkey"
"Bazhong, China"
"Siliguri, India"
"Oslo, Norway"
"Shangrao, China"
"Changwon, South Korea"
"Jingzhou Hubei, China"
"Ma'anshan, China"
"Zhaoqing, China"
"Antwerp, Belgium"
"Kermanshah, Iran"
"Xiongan, China"
"Bien Hoa, Vietnam"
"Johor Bahru, Malaysia"
"Solapur, India"
"Samarinda, Indonesia"
"Toulouse, France"
"Mersin, Turkey"
"Hargeysa, Somalia"
"Teresina, Brazil"
"Kirkuk, Iraq"
"Fuzhou Jiangxi, China"
"Aracaju, Brazil"
"Bobo-Dioulasso, Burkina Faso"
"Leshan, China"
"Yueyang, China"
"Dezhou, China"
"Marrakech, Morocco"
"Tampico, Mexico"
"Huzhou, China"
"Rotterdam, Netherlands"
"Aden, Yemen"
"Austin, United States"
"San Jose, United States"
"Denpasar, Indonesia"
"Odesa, Ukraine"
"Chenzhou, China"
"Xuchang, China"
"Volgograd, Russia"
"Saltillo, Mexico"
"San Miguel de Tucuman, Argentina"
"Asmara, Eritrea"
"Padang, Indonesia"
"Cebu City, Philippines"
"Acapulco de Juarez, Mexico"
"Valparaiso, Chile"
"Sekondi Takoradi, Ghana"
"Ikorodu, Nigeria"
"Kayseri, Turkey"
"Warangal, India"
"Changshu, China"
"Bordeaux, France"
"Songkhla, Thailand"
"Qujing, China"
"Nonthaburi, Thailand"
"Yichun Jiangxi, China"
"Krasnodar, Russia"
"Ilorin, Nigeria"
"Cancun, Mexico"
"Tshikapa, DR Congo"
"Nyala, Sudan"
"Xintai, China"
"Jixi Heilongjiang, China"
"Blantyre-Limbe, Malawi"
"Morelia, Mexico"
"Pingxiang Jiangxi, China"
"Dnipro, Ukraine"
"Khulna, Bangladesh"
"Jerusalem, Israel"
"Cucuta, Colombia"
"Nice, France"
"Dehradun, India"
"Seongnam, South Korea"
"Fort Worth, United States"
"Agadir, Morocco"
"Mudanjiang, China"
"Hamah, Syria"
"Dushanbe, Tajikistan"
"Guiping, China"
"Jiujiang, China"
"Southampton, United Kingdom"
"Laiwu, China"
"Arequipa, Peru"
"Ciudad Guayana, Venezuela"
"Zamboanga City, Philippines"
"Veracruz, Mexico"
"Jacksonville, United States"
"San Pedro Sula, Honduras"
"Zhucheng, China"
"Pathum Thani, Thailand"
"Rajshahi, Bangladesh"
"Chengde, China"
"Misratah, Libya"
"Guigang, China"
"Jos, Nigeria"
"Reynosa, Mexico"
"Bengbu, China"
"Columbus, United States"
"Villahermosa, Mexico"
"Yangjiang, China"
"Charlotte, United States"
"Ulsan, South Korea"
"Bangui, Central African Republic"
"Oran, Algeria"
"West Rand, South Africa"
"Owerri, Nigeria"
"Campo Grande, Brazil"
"Liverpool, United Kingdom"
"Antipolo, Philippines"
"Najaf, Iraq"
"Zhangzhou, China"
"Bergamo, Italy"
"Donetsk, Ukraine"
"Tianmen, China"
"Warri, Nigeria"
"Londrina, Brazil"
"Leiyang, China"
"Malang, Indonesia"
"La Plata, Argentina"
"Concepcion, Chile"
"Hengshui, China"
"Linfen, China"
"Xinyu, China"
"Sylhet, Bangladesh"
"Dandong, China"
"Indianapolis, United States"
"Nampula, Mozambique"
"Deyang, China"
"Hermosillo, Mexico"
"San Francisco, United States"
"Trujillo, Peru"
"Taiz, Yemen"
"Guntur, India"
"Jiangyin, China"
"Bhiwandi, India"
"Lubango, Angola"
"Liaoyang, China"
"Bahawalpur, Pakistan"
"Changzhi, China"
"Tyumen, Russia"
"Soshanguve, South Africa"
"Tuxtla Gutierrez, Mexico"
"Ashgabat, Turkmenistan"
"Erbil, Iraq"
"Baishan, China"
"Liling, China"
"Tainan, Taiwan"
"Puducherry, India"
"Culiacan, Mexico"
"Changde, China"
"Fuxin, China"
"Palermo, Italy"
"Shangqiu, China"
"Xingtai, China"
"Hufuf-Mubarraz, Saudi Arabia"
"Firozabad, India"
"Libreville, Gabon"
"Huangshi, China"
"Saratov, Russia"
"Banghazi, Libya"
"Valencia, Spain"
"Luzhou, China"
"Quebec City, Canada"
"Yibin, China"
"Bucheon, South Korea"
"Ipoh, Malaysia"
"Winnipeg, Canada"
"Bogra, Bangladesh"
"Cabinda, Angola"
"Umuahia, Nigeria"
"Xinyang, China"
"Xinghua, China"
"Newcastle upon Tyne, United Kingdom"
"Yangquan, China"
"Thessaloniki, Greece"
"Yongzhou, China"
"Bologna, Italy"
"Orumiyeh, Iran"
"Xiaogan, China"
"Heze, China"
"Barcelona-Puerto La Cruz, Venezuela"
"Maiduguri, Nigeria"
"Kuerle, China"
"Niigata, Japan"
"Eskisehir, Turkey"
"Cherthala, India"
"Quzhou, China"
"Zhuji, China"
"Sorocaba, Brazil"
"Haicheng, China"
"Enugu, Nigeria"
"Nottingham, United Kingdom"
"Tianshui, China"
"Huludao, China"
"Xalapa, Mexico"
"Bikaner, India"
"Frankfurt, Germany"
"Huaihua, China"
"Nakhon Ratchasima, Thailand"
"Vereeniging, South Africa"
"Liaocheng, China"
"Seattle, United States"
"Jiaozuo, China"
"Bozhou, China"
"Nellore, India"
"Hamilton, Canada"
"Gebze, Turkey"
"Taixing, China"
"Cagayan de Oro City, Philippines"
"Krakow, Poland"
"Kunshan, China"
"Shaoguan, China"
"Gorakhpur, India"
"Dasmarinas, Philippines"
"Amravati, India"
"Jincheng, China"
"Langfang, China"
"Ansan, South Korea"
"Ar-Rayyan, Qatar"
"Sulaimaniya, Iraq"
"Cuttack, India"
"Bur Sa'id, Egypt"
"Denver, United States"
"Meishan, China"
"Zhumadian, China"
"Zigong, China"
"Benguela, Angola"
"Gaomi, China"
"Anqing, China"
"Qingyuan, China"
"Banjarmasin, Indonesia"
"Hanchuan, China"
"Danyang, China"
"Muzaffarnagar, India"
"Lokoja, Nigeria"
"Kumamoto, Japan"
"Kottayam, India"
"Belgaum, India"
"Zarqa, Jordan"
"Zaria, Nigeria"
"Sheffield, United Kingdom"
"Zanzibar, Tanzania"
"Gaza, Palestine"
"Zaragoza, Spain"
"Linhai, China"
"Zaporizhzhya, Ukraine"
"Malegaon, India"
"Sao Jose dos Campos, Brazil"
"Oshogbo, Nigeria"
"Ordos City, China"
"Shaoyang, China"
"Kayamkulam, India"
"Jiamusi, China"
"Mangalore, India"
"Okayama, Japan"
"Ribeirao Preto, Brazil"
"Xianyang Shaanxi, China"
"Bunia, DR Congo"
"Lviv, Ukraine"
"Rasht, Iran"
"Anqiu, China"
"Tongliao, China"
"Cheongju, South Korea"
"Sialkot, Pakistan"
"Maturin, Venezuela"
"Buffalo City, South Africa"
"Panzhihua, China"
"Suining Sichuan, China"
"Yanji, China"
"Tongling, China"
"Wuzhou, China"
"Oaxaca de Juarez, Mexico"
"Washington, United States"
"Sargodha, Pakistan"
"Bhavnagar, India"
"Gold Coast, Australia"
"Yan'an, China"
"Kitwe, Zambia"
"Florence, Italy"
"Jammu, India"
"Yulin Shaanxi, China"
"Nanded Waghala, India"
"Dazhou, China"
"Tirupati, India"
"Bacoor, Philippines"
"Malanje, Angola"
"Dengzhou, China"
"The Hague, Netherlands"
"Longyan, China"
"Yuncheng, China"
"Seville, Spain"
"Cotonou, Benin"
"Dongtai, China"
"Tolyatti, Russia"
"Salta, Argentina"
"Merca, Somalia"
"Bali, Indonesia"
"Yuyao, China"
"Boston, United States"
"Uberlandia, Brazil"
"Taif, Saudi Arabia"
"Yuxi, China"
"Vientiane, Laos"
"Bristol, United Kingdom"
"Akure, Nigeria"
"Ibb, Yemen"
"Celaya, Mexico"
"Al-Hudaydah, Yemen"
"Cheonan, South Korea"
"Jundiai, Brazil"
"Gulbarga, India"
"Huambo, Angola"
"Padova, Italy"
"Durgapur, India"
"Kurnool, India"
"El Paso, United States"
"Nantes, France"
"Buraydah, Saudi Arabia"
"Zagreb, Croatia"
"Zhangjiagang, China"
"Pontianak, Indonesia"
"Amara, Iraq"
"Liege, Belgium"
"Taicang, China"
"Nashville, United States"
"Genoa, Italy"
"Ezhou, China"
"Santiago, Dominican Republic"
"Mar Del Plata, Argentina"
"Tamale, Ghana"
"Zhoukou, China"
"Lodz, Poland"
"Goma, DR Congo"
"Oklahoma City, United States"
"Lattakia, Syria"
"Las Vegas, United States"
"Tabuk, Saudi Arabia"
"Ankang, China"
"General Santos City, Philippines"
"Renqiu, China"
"Detroit, United States"
"Manama, Bahrain"
"Loudi, China"
"Jeonju, South Korea"
"Bijie, China"
"Portland, United States"
"Sokoto, Nigeria"
"Qinzhou, China"
"Macao, Macau"
"Samsun, Turkey"
"Denizli, Turkey"
"Zhoushan, China"
"Busto Arsizio, Italy"
"Tongxiang, China"
"Longhai, China"
"Puyang, China"
"Hezhou, China"
"Jhansi, India"
"Neijiang, China"
"Izhevsk, Russia"
"Memphis, United States"
"Jamnagar, India"
"As-Suways, Egypt"
"Erode, India"
"Doha, Qatar"
"Pachuca de Soto, Mexico"
"Haimen, China"
"Chongjin, North Korea"
"Chiclayo, Peru"
"Wuhai, China"
"Hegang, China"
"Sanya, China"
"Be'er Sheva, Israel"
"Durango, Mexico"
"Bokaro Steel City, India"
"Wroclaw, Poland"
"Irkutsk, Russia"
"Barnaul, Russia"
"Nay Pyi Taw, Myanmar"
"Bulawayo, Zimbabwe"
"Miluo, China"
"Venezia, Italy"
"Jambi, Indonesia"
"Safaqis, Tunisia"
"Khabarovsk, Russia"
"Herat, Afghanistan"
"Duesseldorf, Germany"
"Belfast, United Kingdom"
"Nasiriyah, Iraq"
"Stuttgart, Germany"
"Verona, Italy"
"Raurkela, India"
"Jubayl, Saudi Arabia"
"Riga, Latvia"
"Bandar Abbas, Iran"
"Kolhapur, India"
"Bacolod, Philippines"
"Seregno, Italy"
"Ulyanovsk, Russia"
"Uvira, DR Congo"
"Al-Ain, United Arab Emirates"
"Bari, Italy"
"Yulin Guangxi, China"
"Ajmer, India"
"Kuching, Malaysia"
"Bissau, Guinea-Bissau"
"Bauchi, Nigeria"
"Geneva, Switzerland"
"Enshi, China"
"Anshun, China"
"Colombo, Sri Lanka"
"Sihui, China"
"Hanzhong, China"
"Ujjain, India"
"Gothenburg, Sweden"
"Jinzhong, China"
"Patiala, India"
"Zahedan, Iran"
"Bilaspur, India"
"Louisville, United States"
"San Jose del Monte, Philippines"
"Hillah, Iraq"
"Kryvyi Rih, Ukraine"
"Yaroslavl, Russia"
"Brighton, United Kingdom"
"Feira De Santana, Brazil"
"Vladivostok, Russia"
"Comilla, Bangladesh"
"Tlaxcala, Mexico"
"Siping, China"
"Sanhe, China"
"Calabar, Nigeria"
"Mathura, India"
"Abakaliki, Nigeria"
"Xinmi, China"
"Skopje, North Macedonia"
"Makhachkala, Russia"
"Tomsk, Russia"
"Jingjiang, China"
"Shishi, China"
"Fuqing, China"
"Sanliurfa, Turkey"
"Leipzig, Germany"
"Agartala, India"
"Xiantao, China"
"Yichun Heilongjiang, China"
"Imphal, India"
"Daye, China"
"Mbeya, Tanzania"
"Cenxi, China"
"Kingston, Jamaica"
"Sangli, India"
"Cuiaba, Brazil"
"Samarkand, Uzbekistan"
"Malaga, Spain"
"Ibague, Colombia"
"Dortmund, Germany"
"Kagoshima, Japan"
"Cabimas, Venezuela"
"Qitaihe, China"
"Milwaukee, United States"
"Catania, Italy"
"Samut Sakhon, Thailand"
"Likasi, DR Congo"
"Beira, Mozambique"
"Hamadan, Iran"
"Shuozhou, China"
"Tonghua, China"
"Djibouti, Djibouti"
"Essen, Germany"
"Toulon, France"
"Dresden, Germany"
"Juiz De Fora, Brazil"
"Bouake, Ivory Coast"
"Pereira, Colombia"
"Udaipur, India"
"Sanmenxia, China"
"Vellore, India"
"Dongyang, China"
"Ardabil, Iran"
"Thoothukkudi, India"
"Bloemfontein, South Africa"
"Xinyi, China"
